count,n_trades
0,46.882822744069614
1,32.45917272618905
2,14.089879604243652
3,4.589343187507451
4,1.4662057456192634
5,0.40529264513052804
6,0.09536297532483012
8,0.011920371915603765
