count,n_trades
0,62.50933532486931
1,29.424943988050785
2,6.684092606422704
3,1.2696041822255415
4,0.11202389843166542
