count,n_trades
0,59.18313743515661
1,28.045176965000984
2,9.087924354849301
3,2.757896119246175
4,0.7091732878061593
5,0.1641604832884628
6,0.03283209665769256
7,0.019699257994615537
