count,n_trades
0,55.21498510004257
1,25.883354618986804
2,11.36653895274585
3,4.640272456364411
4,1.8731375053214132
5,0.7662835249042145
6,0.2554278416347382
